"","Platform","Genre","Publisher","Developer","NoOfPlayers","EndOfMonth","TopDeveloper_Count","TopDeveloper_Sum","ReleaseWeekend"
"Platform",NA,1.14615026394718e-36,0.409894713956226,5.85135039392896e-30,8.06793894605479e-47,0.269259693685352,1.15460772493338e-13,1.66005799485096e-28,0.0323076740256116
"Genre",1.14615026394718e-36,NA,0.0717363702317604,3.48196099998726e-207,1.83873086767936e-40,0.147129612629498,1.46208519036737e-117,1.24459961028829e-100,0.498508648631133
"Publisher",0.409894713956226,0.0717363702317604,NA,6.62739424568335e-09,0.739308115278405,0.167209124466043,5.83736496287168e-21,2.36204060265972e-20,0.591525549763267
"Developer",5.85135039392896e-30,3.48196099998726e-207,6.62739424568335e-09,NA,3.02468912068305e-07,0.0891334967036059,0,0,7.72878406885137e-12
"NoOfPlayers",8.06793894605479e-47,1.83873086767936e-40,0.739308115278405,3.02468912068305e-07,NA,0.83860009703765,4.4323024146196e-14,8.1621581323934e-17,0.400647252972101
"EndOfMonth",0.269259693685352,0.147129612629498,0.167209124466043,0.0891334967036059,0.83860009703765,NA,0.00626220881004395,0.00349586898801048,0.00509173892599554
"TopDeveloper_Count",1.15460772493338e-13,1.46208519036737e-117,5.83736496287168e-21,0,4.4323024146196e-14,0.00626220881004395,NA,0,0.475854798920238
"TopDeveloper_Sum",1.66005799485096e-28,1.24459961028829e-100,2.36204060265972e-20,0,8.1621581323934e-17,0.00349586898801048,0,NA,0.285906206941667
"ReleaseWeekend",0.0323076740256116,0.498508648631133,0.591525549763267,7.72878406885137e-12,0.400647252972101,0.00509173892599554,0.475854798920238,0.285906206941667,NA
